,id,corpus-id,score
0,7437,-1,"[7.583, 11.193, 15.446, 4.975, 1.854, 0.0, 8.395, 14.464, 0.0, 0.0, 3.707, 3.707, 0.0, 0.0, 0.0, 4.509, 3.914, 0.0, 6.416, 5.117, 3.089, 2.607, 0.0, 0.0, 0.0, 10.332, 2.239, 3.524, 6.396, 0.0, 0.0, 0.0, 5.97, 3.475, 0.0, 22.748, 2.691, 0.0, 7.253, 0.0, 8.955, 7.164, 0.0, 1.986, 0.0, 4.578, 13.432, 2.607, 2.607, 0.0, 9.505, 3.626, 7.462, 0.0, 0.0, 6.918, 4.07, 14.242, 6.612, 5.059, 2.634, 2.239, 9.156, 11.136, 2.78, 2.383, 5.891, 3.972, 6.888, 2.317, 8.628, 0.0, 8.341, 0.0, 11.193, 9.813, 13.059, 5.127, 5.97, 0.0, 8.937, 8.326, 6.248, 7.462, 0.0, 0.0, 0.0, 0.0, 0.0, 1.986, 4.634, 5.267, 2.979, 12.721, 0.0, 5.597, 7.72, 8.955, 0.0, 2.876, 2.714, 8.528, 8.955, 7.462, 10.332, 6.044, 10.447, 4.477, 2.78, 3.089, 15.655, 4.634, 4.634, 5.166, 13.901, 2.317, 2.195, 3.089, 0.0, 6.633, 2.876, 0.0, 12.537, 4.17, 8.395, 11.193, 3.147, 7.164, 5.97, 11.193, 16.682, 2.876, 2.691, 7.787, 2.979, 11.31, 6.223, 10.296, 4.273, 22.261, 11.974, 10.11, 9.813, 4.477, 10.807, 8.78, 6.416, 3.972, 0.0, 9.624, 13.432, 6.105]"
1,7438,-1,"[0.0, 0.0, 0.0, 0.0, 0.0, 0.0, 0.0, 0.0, 0.0, 0.0, 0.0, 0.0, 0.0, 0.0, 0.0, 0.0, 0.0, 0.0, 0.0, 0.0, 0.0, 0.0, 0.0, 0.485, 0.485, 0.0, 0.0, 0.0, 0.0, 0.485, 0.0, 0.435, 2.829, 0.504, 0.0, 0.0, 0.0, 0.0, 0.0, 0.0, 0.0, 0.0, 0.0, 1.327, 0.0, 0.0, 0.0, 0.0, 0.63, 0.0, 0.504, 0.0, 0.217, 0.0, 0.0, 0.0, 0.0, 0.0, 0.0, 0.0, 0.0, 0.0, 0.0, 0.0, 0.0, 0.0, 0.0, 0.0, 0.0, 0.0, 0.0, 0.0, 0.0, 0.0, 0.0, 0.0, 0.0, 0.0, 0.45, 0.0, 0.0, 0.0, 0.0, 0.0, 0.0, 0.0, 0.0, 0.0, 0.0, 0.0, 3.781, 1.05, 0.0, 0.0, 0.0, 0.0, 0.0, 0.0, 0.0, 0.0, 0.525, 0.0, 0.0, 0.0, 0.0, 0.0, 0.0, 0.494, 0.0, 0.0, 0.0, 0.0, 0.0, 0.0, 0.0, 0.0, 0.0, 0.504, 0.0, 0.0, 0.0, 0.0, 0.0, 0.0, 0.0, 0.0, 0.0, 0.504, 0.0, 0.0, 0.0, 0.0]"
2,7439,-1,"[2.067, 0.969, 2.697, 4.43, 2.067, 0.0, 0.0, 0.0, 0.907, 1.163, 0.969, 0.727, 0.0, 7.128, 1.978, 0.0, 3.877, 1.938, 4.125, 0.406, 0.0, 0.0, 0.671, 0.0, 8.458, 4.964, 0.0, 0.529, 0.0, 0.0, 0.0, 0.0, 0.758, 0.0, 0.0, 2.176, 3.264, 2.584, 2.275, 5.169, 4.962, 2.697, 0.0, 0.0, 2.215, 0.0, 0.0, 0.0, 3.109, 7.447, 7.447, 1.824, 4.002, 2.943, 2.386, 2.74, 2.386, 2.954, 2.386, 5.063, 0.0, 0.0, 0.0, 2.819, 4.88, 0.0, 11.883, 6.646, 2.386, 0.0, 0.0, 0.0, 3.877, 6.423, 9.031, 9.934, 3.759, 2.819, 2.139, 2.052, 1.836, 0.0, 2.181, 5.907, 0.3, 7.022, 3.959, 2.649, 5.907, 3.877, 0.0, 4.135, 0.0, 0.0, 0.545, 0.563, 4.002, 0.0, 0.0, 2.181, 2.665, 1.163, 1.485, 0.41, 0.546, 1.246, 0.371, 0.0, 0.0, 0.0, 0.0, 2.819, 0.0, 4.538, 0.581, 0.0, 0.371, 0.0, 0.0, 0.335, 0.0, 2.481, 0.646, 0.0, 0.602, 2.127, 0.0, 0.602, 0.698, 0.646, 0.406, 2.481, 0.0, 2.488, 0.0, 0.7, 2.481, 0.0, 1.4, 0.671, 0.0, 0.831, 0.698, 0.0, 0.0, 0.0, 0.0, 4.135, 4.135, 2.067, 5.331, 0.0, 0.623, 6.565, 7.192, 3.649, 4.594, 14.483, 0.0, 3.93, 0.646, 0.0, 3.101, 0.969, 5.66, 4.39, 2.954, 1.938, 0.0, 0.0, 0.0, 0.872, 10.337, 6.705, 0.0, 0.0, 0.0, 0.0, 0.0, 0.581, 0.0, 0.0, 0.0, 0.0, 0.563, 0.623, 0.545, 6.529]"
3,7440,-1,"[9.334, 12.117, 9.772, 11.22, 0.0, 0.0, 0.0, 6.43, 6.12, 6.964, 0.633, 3.875, 10.098, 8.655, 3.74, 8.189, 3.366, 3.606, 3.81, 3.411, 0.953, 1.865, 1.971, 5.099, 0.242, 4.926, 2.348, 2.02, 0.759, 8.594, 5.94, 5.315, 5.351, 6.311, 6.732, 3.482, 11.112, 3.884, 0.0, 0.0, 6.732, 5.315, 4.947, 11.595, 9.18, 3.74, 0.0, 0.0, 6.311, 12.117, 0.0, 0.0, 0.0, 0.0, 5.427, 1.314, 4.947, 0.0, 4.39, 0.0, 0.0, 2.463, 0.0, 11.651, 0.0, 0.0, 7.36, 5.315, 5.516, 6.585, 0.0, 15.778, 7.573, 4.493, 11.226, 7.213, 10.839, 0.0, 0.0, 4.59, 4.618, 10.098, 10.446, 0.0, 8.696, 1.035, 0.0, 11.22, 5.108, 3.511, 5.049, 9.723, 6.083, 5.113, 8.415, 0.0, 7.48, 10.357, 8.825, 9.334, 4.808, 4.885, 11.54, 17.671, 8.078, 3.482, 11.22, 3.884, 0.0, 2.69, 0.0, 0.0, 16.829, 6.964, 7.986, 0.0, 0.0, 6.311, 10.446, 10.629, 5.315, 4.297, 4.808, 10.629, 6.12, 12.622, 0.0, 0.0, 8.415, 6.12, 7.972, 8.781, 0.0, 0.0, 0.0, 0.0, 0.0, 0.0, 14.425, 23.483, 10.629, 7.986, 7.039, 13.464, 0.0, 0.981, 2.885, 7.573, 5.756, 10.819, 7.415, 10.629, 5.108, 7.787, 9.18, 16.829, 4.092, 1.265, 0.542, 4.207, 8.415]"
4,7441,-1,"[2.885, 2.042, 6.949, 4.348, 4.348, 1.563, 2.027, 10.809, 5.896, 4.546, 6.667, 0.0, 11.905, 4.804, 12.971, 0.806, 12.472, 2.738, 4.022, 3.13, 4.167, 3.295, 14.099, 12.971, 7.319, 7.083, 10.46, 2.948, 14.099, 2.594, 6.709, 14.967, 4.633, 0.0, 3.261, 2.671, 2.869, 4.23, 3.0, 2.594, 5.919, 6.177, 7.206, 10.809, 2.722, 2.686, 2.504, 6.486, 5.896, 7.206, 7.483, 8.647, 11.279, 2.507, 3.815, 2.208, 0.6, 8.844, 9.265, 4.604, 3.471, 6.177, 8.619, 9.008, 6.273, 7.206, 2.162, 3.649, 0.0, 3.744, 12.971, 1.567, 16.214, 11.792, 7.011, 8.169, 2.981, 2.594, 1.634, 12.971, 3.571, 3.261, 3.571, 3.683, 4.174, 0.0, 4.172, 1.582, 6.033, 8.459, 3.413, 5.0, 5.64, 4.174, 7.3, 0.0, 10.904, 6.469, 4.077, 10.462, 2.979, 9.865, 2.504, 11.792, 13.418, 4.633, 4.167, 2.083, 11.842, 3.333, 1.709, 2.738, 10.809, 0.0, 6.949, 8.647, 8.844, 8.647, 5.111, 13.654, 0.0, 2.82, 4.174, 4.279, 3.594, 9.728, 4.053, 9.008, 4.525, 10.064, 11.334, 3.704, 1.635, 14.412, 8.647, 11.279, 8.107, 2.604, 3.088, 6.486, 1.446, 6.486, 13.475, 16.214, 14.023, 5.723, 4.989, 7.399, 16.214, 3.333, 3.125, 2.948, 16.214, 4.633, 7.038, 1.88, 11.792, 10.377, 3.088, 2.0, 2.174, 3.261, 6.177, 1.872, 3.098, 3.098, 3.947, 4.181, 5.405, 2.273, 1.26, 5.387, 5.489, 3.744, 11.46, 3.773, 7.293, 2.027, 0.0, 12.353, 3.659, 9.978, 2.282, 3.76, 2.212, 13.654, 5.405, 7.783, 10.809, 9.728, 15.442, 7.63, 3.292, 9.491]"
5,7442,-1,"[3.416, 5.124, 4.315, 0.725, 7.532, 6.325, 9.58, 4.822, 1.983, 3.153, 3.416, 5.9, 6.558, 5.422, 7.303, 6.758, 10.247, 8.783, 4.257, 0.0, 3.564, 3.153, 4.099, 5.124, 3.917, 2.827, 2.928, 5.44, 11.75, 5.76, 3.904, 0.0, 4.257, 4.554, 3.103, 3.564, 4.846, 4.744, 6.197, 8.692, 3.279, 4.315, 3.564, 7.453, 0.0, 6.072, 3.416, 3.726, 3.726, 5.693, 6.072, 4.315, 3.153, 2.484, 14.344, 7.359, 11.778, 14.251, 3.782, 9.699, 3.153, 3.279, 4.204, 4.322, 7.129, 1.594, 1.47, 1.383, 3.564, 4.099, 0.0, 3.279, 3.726, 3.048, 3.917, 2.733, 7.196, 9.699, 8.567, 11.711, 10.247, 12.612, 5.654, 3.279, 3.627, 4.663, 3.153, 3.036, 3.232, 0.638, 9.164, 7.196, 7.196, 7.822, 16.851, 6.425, 3.917, 10.578, 10.247, 11.711, 15.617, 9.762, 4.229, 2.277, 0.42, 3.279, 3.416, 3.726, 4.099, 3.564, 0.839, 4.315, 2.733, 7.311, 5.408, 9.208, 2.208, 3.904, 2.301, 11.244, 3.153, 3.673, 4.099, 6.306, 18.217, 7.833, 6.994, 13.236, 6.203, 6.249, 7.453, 2.562]"
6,7443,-1,"[0.351, 0.0, 10.753, 4.783, 1.738, 4.398, 3.831, 0.991, 1.585, 0.843, 5.415, 0.674, 4.067, 0.544, 4.853, 5.923, 11.418, 0.847, 19.054, 0.7, 2.51, 6.19, 11.46, 0.978, 4.093, 6.313, 3.235, 5.301, 5.861, 0.0, 0.0, 9.871, 1.175, 8.896, 8.525, 23.339, 6.159, 9.156, 7.279, 6.603, 6.851, 5.906, 5.453, 4.951, 5.949, 3.279, 13.986, 8.985, 0.0, 6.068, 0.802, 0.0, 1.61, 0.0, 3.156, 0.0, 0.733, 8.459, 0.0, 4.862, 0.78, 8.212, 0.0, 6.418, 10.612, 13.386, 9.371, 10.412, 14.783, 11.434, 18.088, 19.551, 22.996, 8.62, 0.581, 1.037, 6.55, 5.761, 11.155, 5.87, 5.452, 0.0, 9.837, 15.371, 22.547, 5.704, 5.285, 5.906, 0.0, 6.157, 3.773, 1.011, 0.255, 4.814, 10.336, 6.405, 24.775, 0.588, 14.448, 11.511, 0.933, 3.417, 6.418, 6.69, 2.446, 0.0, 6.418, 5.02, 6.871, 5.522, 5.522, 0.593, 9.983, 5.709, 2.302, 3.466, 0.0, 0.574, 5.437, 5.835, 4.126, 6.321, 0.743, 8.669, 18.878, 0.527, 1.68, 5.807, 9.499, 13.386, 7.625, 7.625, 3.902, 5.709, 11.269, 4.96, 11.511, 11.438, 8.018, 17.159, 11.109, 5.229, 8.871, 6.871, 5.19, 5.338, 11.566, 6.896, 6.968, 6.742, 10.612, 8.026, 16.149, 6.321, 4.824, 0.0, 10.114, 0.228]"
7,7444,-1,"[0.0, 7.3, 5.775, 6.76, 3.984, 5.229, 0.0, 0.0, 0.0, 0.0, 13.017, 0.0, 9.423, 8.769, 5.179, 4.144, 0.0, 2.923, 2.072, 0.0, 0.0, 0.0, 11.838, 0.0, 0.0, 2.923, 2.527, 0.0, 0.0, 4.841, 0.0, 8.769, 0.0, 2.354, 0.0, 8.812, 9.232, 7.892, 12.529, 3.431, 4.789, 4.933, 2.819, 10.3, 6.316, 6.756, 0.0, 0.0, 0.0, 4.316, 7.968, 14.238, 6.906, 6.293, 0.0, 0.0, 5.229, 0.0, 0.0, 0.0, 2.819, 5.247, 5.637, 7.623, 5.506, 2.923, 7.689, 8.912, 4.686, 7.099, 6.653, 6.231, 12.155, 9.606, 3.572, 3.453, 0.0, 0.0, 0.0, 3.758, 2.819, 6.577, 4.089, 4.385, 1.835, 7.469, 3.453, 8.021, 0.0, 0.0, 0.0, 0.0, 1.992, 5.976, 6.314, 0.0, 9.865, 5.942, 0.0, 0.0, 2.726, 0.0, 0.0, 10.01, 4.316, 2.726, 5.028, 3.342, 6.536, 0.0, 0.0, 11.697, 3.288, 1.523, 2.877, 0.0, 13.116, 14.079, 8.385, 3.431, 4.51, 0.0, 10.736, 1.992, 3.984, 0.0, 0.0, 2.946, 5.094, 6.422, 4.345, 6.008, 8.003, 3.631, 6.508, 4.933, 8.385, 7.64, 0.0, 0.394, 1.619, 0.0, 7.175, 3.572, 0.0, 6.76, 3.453, 7.673, 6.756, 0.0, 0.0, 0.0, 5.976, 0.0, 2.877, 0.0, 0.0, 3.587, 3.885, 0.0, 8.691, 9.763, 8.063, 11.034, 2.133, 6.474, 6.093, 4.709, 4.316, 7.892, 1.85, 1.918, 2.466, 3.572, 4.228, 8.735, 6.536, 10.596, 7.063, 5.942, 4.933, 7.922, 3.837, 2.546, 0.0, 4.841, 7.707, 0.0, 6.756, 0.0, 4.204, 4.507, 3.035, 12.142, 2.192, 3.531, 6.536, 0.0, 0.0, 0.0, 1.439, 4.316, 7.175, 15.378, 7.605, 1.918, 9.372, 7.679, 9.961, 6.76, 3.961, 6.536, 6.863, 6.084, 5.07, 8.296, 4.817, 3.431, 5.637, 3.587]"
8,7445,-1,"[2.458, 3.614, 2.731, 1.834, 1.159, 2.083, 0.0, 0.471, 1.525, 2.729, 4.551, 3.84, 5.689, 5.267, 1.982, 2.56, 1.862, 2.156, 0.975, 1.467, 2.481, 4.069, 4.389, 1.807, 6.425, 8.044, 10.448, 6.227, 1.45, 6.796, 7.681, 2.276, 2.446, 6.468, 4.287, 4.096, 5.586, 6.643, 5.76, 5.207, 5.76, 2.194, 4.496, 5.486, 0.891, 6.663, 1.463, 4.551, 4.287, 4.01, 8.722, 11.668, 4.727, 3.414, 0.67, 0.0, 4.95, 1.525, 2.458, 2.698, 1.365, 2.437, 3.165, 0.0, 12.151, 8.775, 3.051, 3.598, 1.518, 2.458, 3.321, 4.189, 5.415, 9.064, 4.385, 7.722, 5.343, 4.389, 5.343, 5.586, 7.09, 4.389, 8.778, 6.145, 3.072, 5.422, 1.862, 3.234, 4.096, 6.145, 0.0, 1.127, 2.762, 6.145, 5.12, 0.185, 3.964, 3.414, 9.453, 2.458, 2.276, 3.155, 6.583, 4.096, 2.276, 3.614, 6.468, 7.229, 6.827, 1.617, 5.12, 1.862, 5.586, 7.448, 6.468, 0.0, 5.12, 3.263, 4.345, 4.603, 5.76, 0.0, 3.614, 5.586, 1.606, 4.608, 8.193, 1.095, 2.425, 2.234, 3.614, 2.048, 13.358, 3.964, 8.534, 0.601, 4.385, 11.568, 4.237, 2.672, 4.551, 5.422, 6.378, 3.84, 6.468, 3.004, 8.778, 1.873, 0.0, 7.248, 2.695, 1.059, 5.343, 4.287, 5.229, 7.928, 7.681, 3.94, 3.545, 4.197, 1.07, 3.189, 5.214, 3.591, 1.405, 0.986, 2.63, 2.717, 2.598, 3.05, 3.988, 7.52, 10.241, 8.923, 18.906, 0.0, 5.586, 7.681, 4.551, 2.458, 2.363, 2.276, 0.0, 4.171, 2.712, 4.389, 6.468, 2.248, 0.0, 7.022, 8.193, 3.692, 3.531, 3.898, 0.975, 2.319, 2.276, 0.0, 2.32, 3.151, 7.448, 5.852, 5.634, 8.044, 4.127, 5.967, 6.437, 6.507, 4.721, 4.534, 2.441, 2.871, 2.037, 3.476, 4.345, 4.096, 2.124, 2.231, 1.665, 2.669, 2.03, 2.458, 14.18]"
9,7446,-1,"[6.255, 10.903, 4.539, 2.169, 2.252, 1.85, 0.836, 9.695, 4.99, 5.965, 9.55, 14.852, 11.709, 14.474, 11.704, 3.677, 15.791, 12.571, 4.539, 10.481, 5.921, 15.132, 19.665, 5.88, 5.265, 6.49, 5.599, 6.799, 7.0, 10.443, 5.774, 5.045, 5.967, 6.49, 1.57, 7.23, 0.0, 1.735, 0.0, 10.442, 12.762, 19.05, 3.838, 0.0, 7.476, 4.989, 6.391, 3.369, 6.326, 4.71, 3.945, 1.824, 4.407, 1.758, 2.393, 15.06, 16.0, 9.187, 5.514, 0.0, 4.122, 5.25, 2.856, 3.958, 0.421, 0.0, 0.0, 11.24, 0.0, 0.0, 1.446, 3.628, 0.0, 0.443, 10.265, 15.252, 8.536, 13.882, 7.932, 3.966, 4.283, 2.8, 1.519, 0.267, 4.107, 5.404, 0.0, 2.776, 3.005, 7.932, 15.827, 6.095, 12.784, 3.5, 0.0, 7.911, 3.104, 7.334, 6.45, 1.907, 1.076, 1.671, 2.644, 6.885, 12.237, 7.952, 10.762, 4.794, 4.258, 3.104, 1.956, 2.644, 5.83, 1.308, 9.922, 4.4, 3.894, 7.812, 18.646, 6.313, 4.934, 15.964, 1.151, 1.669, 5.382, 5.132, 3.196, 6.287, 5.869, 5.006, 4.87, 3.885, 5.774, 4.643, 19.578, 6.164, 14.657, 5.162, 5.772, 3.4, 4.359, 3.893, 7.466, 8.349, 11.24, 7.0, 2.283, 19.288, 7.139, 6.07, 12.032, 4.115, 13.712, 5.845, 8.141, 7.856, 8.942, 5.579, 8.349, 4.996, 4.884, 2.872, 4.201, 4.201, 2.861, 6.07, 0.0, 0.0, 11.272, 0.0, 6.576, 11.2, 4.788, 3.573, 6.85, 8.237, 9.947, 4.132, 3.838, 4.759, 2.148, 5.388, 5.949, 5.491, 1.671, 4.563, 8.971, 3.47, 3.623, 2.746, 3.702, 4.376, 4.71, 1.328, 8.567, 5.439, 19.05, 8.658, 8.151, 10.108, 9.898, 7.083, 10.017, 10.113, 4.038, 10.75, 11.682, 5.242, 5.031, 3.735, 5.171, 4.949, 5.949, 9.94, 14.503, 7.293, 2.231, 6.197, 0.359, 3.268, 1.831, 3.069, 1.033, 0.851, 5.665, 3.646, 5.153, 3.646, 2.975, 7.649, 6.844, 6.799, 0.401, 0.324, 1.919, 0.421, 4.505, 4.774, 3.245, 2.467, 9.286, 11.646, 8.734, 5.429, 10.274, 3.299, 5.93, 5.543, 7.737, 3.282, 3.985, 0.0, 1.399, 0.0, 1.669, 4.414, 0.337, 0.196, 10.977, 9.519, 7.815, 10.264, 8.226, 4.782, 5.738, 5.723, 1.465, 9.308, 11.198, 5.33, 4.778, 5.949, 7.952, 4.4, 4.107, 3.245, 17.083, 9.407, 8.034, 2.115, 4.928, 6.125, 9.687, 8.651, 5.967, 10.793, 3.407, 4.4, 6.536, 2.355, 3.245, 1.496, 6.999, 3.661, 2.615, 1.496, 5.543, 7.334, 2.632, 2.531, 3.298, 6.861, 10.007, 2.505, 8.114, 6.313, 5.766, 10.115, 3.07, 7.139, 8.237, 3.245, 7.515, 3.245, 2.462, 5.949, 1.229, 2.38, 1.613, 2.599, 5.828, 5.359, 3.838, 5.014, 5.6, 9.597, 7.952, 7.278, 6.706, 7.799, 8.924, 11.898, 0.0, 2.892, 6.987, 9.608, 10.874, 1.85, 4.199, 8.658, 3.844, 3.989, 6.095, 2.8, 9.648, 2.846, 4.957, 9.493, 7.856, 5.485, 4.746, 0.893, 14.657, 3.615, 6.682, 1.85, 6.197, 10.78, 6.025, 9.949, 3.762, 3.386, 9.113, 1.177, 1.181, 4.782, 7.25, 8.924, 7.139, 3.047, 3.991, 7.35, 11.68, 8.991, 16.268, 6.095, 8.151, 8.653, 4.912, 2.355, 2.771, 0.206, 6.599, 7.293, 6.025, 9.407, 9.898, 7.737, 2.846, 5.579, 9.799, 5.516, 11.602, 7.428, 4.738, 8.924, 8.712, 12.554, 11.704, 8.463, 9.675, 8.277, 5.809, 8.741, 7.846, 3.985, 8.975, 9.407, 1.879, 4.038, 6.761, 7.364, 5.242, 10.017, 2.8, 2.752, 5.162, 10.75, 2.644, 0.0, 2.752, 2.51, 3.561, 1.85, 6.876, 4.759, 6.828, 2.992, 10.625, 5.784, 17.179, 0.0, 1.808, 5.443, 8.94, 5.658, 8.346, 5.971, 0.0, 4.139, 2.1, 2.856, 6.682, 8.283, 6.07, 2.202, 3.173, 1.665, 3.196, 2.021, 5.132, 6.025, 5.01, 6.928, 3.661, 6.751, 2.757, 6.125, 4.051, 5.686, 6.971, 7.051, 6.346, 11.76, 6.799, 9.013, 10.02, 2.322, 1.622, 2.38, 5.735, 6.799, 6.642, 7.887, 11.646, 1.919, 0.0, 4.928, 11.358, 6.739, 8.644, 4.877, 7.204, 7.35, 15.85, 15.85, 6.49, 2.742, 9.113, 3.326, 1.669, 7.77, 0.0, 2.303, 3.557, 3.85, 8.647, 1.846, 10.361, 4.001, 7.334, 7.17, 20.324, 3.569, 8.346, 10.17, 7.363, 7.932, 8.385, 10.198, 0.0, 5.01, 4.462, 8.237, 4.199, 1.727, 5.599, 4.988, 3.573, 2.072, 17.061, 8.676, 8.017, 8.734, 6.422, 8.433, 13.101, 4.675, 7.293, 3.104, 3.399, 11.561, 7.932, 2.746, 2.746, 10.801, 14.959, 12.139, 8.97, 8.649, 9.315, 5.26, 2.608, 6.394, 8.315, 3.904, 4.571, 4.857, 8.237, 5.423, 0.344, 6.498, 4.861, 3.141, 4.533, 6.083, 14.96, 16.0, 14.819, 1.622, 15.964, 9.049, 6.081, 8.306, 13.569, 11.704, 8.63, 10.902, 11.174, 10.06, 16.889, 0.366, 6.65, 0.0, 0.0, 0.0, 4.384, 8.277, 5.423, 6.541, 2.341, 8.283]"
10,7447,-1,"[6.463, 0.0, 5.325, 4.109, 2.981, 0.324, 4.592, 0.0, 0.0, 4.784, 0.919, 3.604, 5.406, 3.268, 4.504, 5.311, 10.387, 8.295, 0.0, 0.0, 0.0, 0.0, 1.213, 0.0, 4.109, 1.231, 5.969, 8.65, 7.792, 1.47, 2.296, 0.0, 1.99, 0.0, 4.926, 3.553, 0.0, 8.571, 1.133, 0.0, 7.837, 1.133, 9.017, 8.632, 5.236, 3.203, 6.632, 2.424, 3.061, 2.179, 0.0, 0.248, 0.0, 4.522, 9.474, 10.369, 5.329, 7.826, 4.968, 0.145, 4.123, 5.839, 6.887, 1.67, 2.098, 3.505, 5.653, 3.399, 4.114, 2.216, 8.298, 0.0, 6.76, 9.948, 4.309, 0.0, 4.407, 4.289, 6.94, 4.129, 2.411, 3.903, 6.576, 3.959, 13.277, 5.527, 1.312, 0.0, 0.337, 1.089, 0.0, 0.0, 5.436, 0.0, 0.0, 0.0, 0.0, 0.944, 8.852, 0.0, 1.593, 4.325, 0.0, 7.1, 5.564, 5.322, 5.319, 6.685, 4.261, 3.548, 3.089, 3.55, 4.26, 3.548, 7.652, 0.0, 7.102, 0.0, 3.979, 6.407, 3.46, 3.903, 4.879, 5.727, 5.782, 5.576, 1.452, 0.0, 0.0, 7.652, 5.844, 4.046, 1.604, 6.919, 2.402, 2.679, 2.883, 5.406, 9.273]"
11,7448,-1,"[8.394, 7.773, 5.636, 4.371, 6.249, 4.383, 4.394, 4.631, 5.374, 3.442, 1.36, 4.738, 3.031, 6.323, 2.864, 6.625, 7.228, 15.29, 7.566, 5.792, 5.74, 2.743, 7.816, 2.505, 5.959, 4.298, 4.197, 3.144, 5.768, 4.668, 4.846, 4.524, 4.511, 3.488, 1.973, 2.201, 4.936, 1.36, 5.859, 3.454, 2.262, 9.373, 6.249, 12.824, 5.349, 4.868, 9.869, 2.781, 4.601, 2.517, 4.703, 2.46, 2.056, 2.583, 8.332, 5.036, 6.028, 6.986, 4.298, 9.47, 6.695, 6.065, 2.252, 3.666, 9.157, 3.587, 4.891, 3.083, 0.0, 4.732, 6.167, 7.714, 7.266, 7.043, 5.749, 4.55, 2.108, 2.811, 3.808, 6.937, 6.273, 7.166, 3.294, 0.0, 0.0, 0.0, 0.0, 0.0, 0.0, 4.734, 8.019, 2.052, 3.368, 1.61, 3.952, 3.74, 4.655, 7.499, 2.843, 4.421, 5.702, 7.771, 0.0, 4.668, 2.695, 4.141, 5.158, 9.676, 5.316, 5.563, 6.861, 6.907, 9.157, 6.715, 6.065, 7.792, 15.245, 10.088, 6.098, 5.722, 4.703, 3.571, 5.379, 3.829, 3.939, 4.351, 5.171, 11.817, 14.921, 6.926, 6.098, 5.61, 3.022, 3.936, 8.26, 4.147, 5.778, 4.464, 5.037, 5.366, 9.045, 9.373, 7.141, 6.625, 7.403, 6.249, 7.499, 3.947, 7.42, 8.777, 4.605, 5.915, 2.358, 5.823, 6.649, 4.96, 3.083, 2.787, 5.722, 5.356, 10.673, 7.536, 5.876, 4.829, 3.525, 5.711, 8.77, 4.053, 4.605, 3.475, 4.768, 4.36, 4.216, 3.948, 6.246, 4.197, 5.868, 5.881, 7.795, 5.797, 10.238, 5.969, 10.104, 2.874, 0.367, 7.075, 5.92, 5.146, 4.511, 7.895, 2.244, 3.136, 4.43, 2.683, 5.508, 18.1, 16.355, 6.907, 3.654, 2.012, 7.446, 9.998, 4.631, 5.778, 3.107, 6.498, 6.871, 3.408, 2.56, 4.209, 2.563, 1.36, 6.183, 3.035, 5.812, 3.408, 3.259, 7.886, 6.427, 3.951, 5.972, 8.639, 5.571, 4.598, 5.714, 5.789, 2.09, 4.756, 3.862, 5.286, 7.886, 11.119, 3.377, 4.511, 2.821, 3.396, 8.248, 7.588, 2.321, 0.985, 5.552, 5.731, 5.384, 7.141, 4.607, 4.607, 5.26, 6.703, 3.764, 5.831, 2.563, 3.38, 4.552, 3.95, 8.137, 3.273, 3.516, 3.676, 9.17, 8.673, 6.909, 3.938, 5.521, 3.031, 4.141, 6.254, 1.973, 5.323, 7.393, 4.298, 9.842, 3.712, 6.167, 3.676, 6.381, 6.109, 5.356, 3.691, 6.982, 4.121, 3.288, 4.819, 2.583, 8.1, 6.984, 8.461, 5.627, 7.534, 8.068, 8.719, 7.901, 2.803, 5.708, 1.819, 4.053, 14.399, 7.6, 4.477, 4.803, 4.346, 6.047, 3.555, 4.477, 0.0, 0.0, 4.622]"
12,7449,-1,"[4.866, 7.99, 3.632, 20.951, 11.733, 7.857, 1.934, 6.857, 4.19, 0.794, 12.571, 2.211, 0.0, 6.559, 4.291, 3.33, 8.474, 5.802, 7.857, 7.183, 1.64, 1.753, 0.0, 0.0, 0.0, 2.63, 3.97, 2.958, 7.633, 0.0, 5.436, 0.0, 0.0, 2.116, 1.589, 5.544, 2.956, 9.546, 6.616, 2.825, 0.0, 0.0, 4.023, 4.714, 1.059, 2.236, 7.395, 19.34, 6.034, 3.1, 18.856, 6.285, 4.077, 7.939, 4.866, 0.0, 8.745, 1.796, 0.469, 9.67, 6.431, 3.733, 0.0, 4.081, 2.011, 3.97, 4.335, 1.883, 2.542, 9.793, 6.999, 8.93, 6.704, 4.237, 0.0, 6.704, 0.0, 10.073, 0.0, 6.295, 1.082, 3.178, 8.745, 6.512, 9.106, 9.428, 9.142, 2.011, 13.713, 0.0, 6.577, 0.0, 7.938, 6.285, 1.437, 3.051, 6.285, 1.313, 10.057, 4.208, 5.387, 3.143, 2.186, 10.775, 13.036, 6.699, 7.786, 8.519, 3.28, 5.587, 1.934, 2.186, 9.062, 5.663, 5.11, 6.704, 0.0, 6.559, 1.734, 4.303, 6.529, 5.249, 7.183, 9.443, 8.38, 7.145, 4.2, 0.0, 0.0, 14.253, 5.436, 21.55, 5.028, 5.028, 0.0, 6.034, 5.028]"
13,7450,-1,"[0.0, 3.573, 4.394, 2.791, 0.0, 0.0, 0.316, 0.0, 6.837, 5.806, 1.446, 0.0, 0.0, 0.0, 0.0, 0.0, 0.0, 0.0, 1.426, 0.0, 0.304, 0.337, 1.452, 1.117, 0.0, 0.257, 0.422, 0.389, 7.235, 2.938, 2.71, 3.489, 5.747, 0.0, 0.0, 0.844, 0.0, 0.0, 0.0, 0.298, 2.607, 10.161, 1.563, 1.694, 1.402, 1.38, 6.507, 1.35, 0.0, 1.168, 1.232, 2.539, 0.31, 0.0, 0.0, 0.292, 0.0, 0.0, 0.713, 0.66, 0.0, 5.344, 0.0, 0.0, 8.709, 0.276, 0.31, 0.33, 4.294, 1.38, 1.452, 2.71, 0.0, 0.0, 4.324, 7.421, 2.391, 3.252, 5.485, 1.27, 1.505, 0.0, 1.085, 0.723, 0.474, 2.169, 0.0, 2.723, 0.0, 0.62, 0.304, 0.0, 0.304, 0.0, 0.323, 0.0, 0.0, 1.692, 3.534, 0.0, 1.29, 0.584, 0.0, 3.252, 8.129, 2.147, 4.546, 3.445, 1.801, 0.474, 0.46, 1.251, 4.135, 0.0, 0.542, 6.653, 2.699, 2.756, 7.708, 3.011, 0.0, 0.0, 0.0, 1.861, 1.626, 6.584, 0.552, 1.355, 0.0, 3.35, 1.876, 10.161, 1.925, 2.71, 11.613, 4.516, 0.281, 0.0, 0.0, 0.337, 0.49, 0.257, 4.317, 3.731, 1.922, 4.516, 3.383, 3.582, 4.247, 1.847, 4.338, 1.161, 0.0, 0.31, 1.452, 2.84, 0.0, 0.31, 0.46, 0.0, 0.542, 0.362, 0.0, 7.136, 3.602, 1.505, 1.42, 1.298, 1.73, 0.304, 0.0, 0.723, 6.089, 4.824, 3.216, 5.583, 3.988, 0.66, 2.538, 1.396, 1.38, 0.227, 0.0, 0.262, 0.66, 2.938, 1.095, 1.034, 0.66, 1.935, 2.324, 0.809, 0.0, 0.286, 1.129, 6.224, 0.0, 2.791, 0.0, 0.562, 0.0, 0.0, 0.0, 6.622, 0.298, 0.286, 4.782, 0.0, 5.806, 0.0, 0.893, 4.927, 5.806, 1.801, 0.0, 0.0, 7.975, 9.568, 5.747, 6.978, 4.652, 0.0, 0.0, 0.524, 0.0, 2.144, 1.692, 1.184, 4.228, 4.594, 5.641, 4.02, 4.594, 0.584, 0.542, 1.402, 0.0, 0.0, 0.345, 0.266, 0.607, 0.542, 3.188, 1.692, 1.265, 0.759, 3.959, 3.173, 2.929, 10.838, 0.759, 1.801, 1.626, 0.584, 0.298, 0.0, 0.49]"
14,7451,-1,"[0.529, 5.165, 0.0, 3.157, 1.343, 1.217, 3.402, 3.862, 3.157, 5.919, 3.03, 0.0, 0.976, 0.577, 3.946, 3.159, 1.627, 0.701, 0.881, 8.609, 0.47, 1.493, 0.0, 0.705, 1.058, 0.0, 2.367, 4.209, 0.0, 3.288, 5.114, 3.022, 0.0, 4.567, 0.0, 1.876, 1.813, 1.813, 0.0, 0.0, 3.342, 2.104, 2.397, 2.115, 0.0, 3.507, 3.788, 2.525, 3.794, 0.512, 0.728, 2.172, 1.337, 1.499, 1.217, 0.344, 0.357, 2.806, 0.0, 0.93, 0.958, 2.299, 2.199, 1.665, 1.757, 1.805, 1.827, 0.0, 3.05, 4.046, 3.788, 3.946, 0.0, 6.313, 8.741, 12.626, 0.0, 0.0, 4.422, 1.806, 1.722, 1.933, 2.104, 0.0, 7.284, 4.735, 3.788, 0.0, 3.721, 5.203, 1.154, 0.0, 3.342, 2.99, 2.259, 0.0, 3.371, 0.0, 2.408, 3.03, 0.0, 4.735, 6.313, 2.299, 2.181, 1.523, 0.0, 3.012, 2.299, 4.23, 0.689, 2.806, 4.371, 4.509, 1.608, 4.735, 1.894, 1.058, 0.0, 1.73, 0.0, 3.788, 2.107, 3.044, 2.74, 0.635, 1.302, 2.199, 0.0, 3.288, 0.0, 1.556, 2.662, 2.115, 4.914, 2.528, 3.873, 6.313, 6.313, 0.0, 0.0, 0.0, 7.891, 2.172, 2.914, 2.601, 2.273, 0.0, 4.536, 4.212, 2.636, 2.74, 5.057, 2.181, 1.375, 1.217, 1.506, 3.012, 1.945, 1.813, 0.0, 2.397, 0.0, 0.0, 2.583, 3.158, 2.806, 1.983, 1.217, 2.47, 0.0, 3.402, 4.941, 2.104, 0.0, 2.636, 1.171, 3.31]"
15,7452,-1,"[5.072, 5.462, 10.519, 6.523, 2.459, 4.652, 1.932, 4.734, 10.009, 17.12, 14.551, 15.022, 7.1, 12.18, 17.652, 13.473, 10.61, 4.692, 19.468, 12.901, 5.754, 12.687, 11.29, 0.0, 0.0, 0.0, 7.928, 7.257, 0.0, 8.775, 6.444, 6.197, 10.61, 6.038, 6.197, 7.598, 7.501, 5.277, 10.45, 1.866, 9.237, 12.91, 1.866, 7.73, 8.951, 12.937, 0.0, 4.186, 5.171, 5.852, 4.219, 0.0, 8.679, 4.032, 6.48, 2.517, 9.071, 12.125, 8.628, 5.359, 4.392, 0.0, 7.643, 10.895, 6.764, 3.86, 6.318, 6.197, 12.162, 6.892, 3.218, 3.092, 4.897, 26.57, 9.549, 5.696, 6.713, 9.477, 10.924, 0.0, 10.219, 9.894, 8.893, 12.544, 6.386, 4.891, 9.462, 13.02, 7.064, 11.222, 5.109, 2.491, 3.663, 12.1, 3.865, 15.982, 8.915, 9.222, 14.113, 7.957, 15.821, 9.196, 10.826, 16.584, 9.96, 17.805, 8.876, 8.247, 17.537, 5.462, 10.825, 5.922, 14.779, 9.549, 6.967, 0.0, 5.336, 10.741, 0.0, 5.197, 3.663, 5.829, 3.256, 3.822, 7.264, 5.521, 7.889, 6.455, 14.362, 2.459, 20.319, 17.95, 11.858, 8.843, 7.991, 8.991, 12.162, 24.937, 12.712, 16.896, 5.86, 9.196, 11.771]"
16,7453,-1,"[7.922, 7.657, 7.814, 10.939, 11.228, 11.517, 11.249, 14.487, 7.871, 0.0, 11.261, 6.381, 9.338, 4.03, 12.466, 10.562, 18.232, 5.89, 0.0, 7.657, 9.282, 14.586, 9.988, 12.252, 0.0, 12.762, 6.961, 5.672, 4.254, 17.503, 0.934, 0.674, 15.026, 5.7, 7.293, 8.06, 8.06, 15.315, 12.091, 9.009, 6.961, 0.467, 0.0, 0.0, 0.0, 0.0, 0.714, 0.674, 3.063, 0.0, 7.657, 5.342, 2.32, 0.0, 0.0, 0.0, 0.0, 0.0, 3.258, 0.0, 0.0, 10.981, 0.0, 11.806, 6.887, 7.767, 11.781, 27.348, 4.786, 9.617, 11.344, 17.017, 7.657, 10.939, 0.0, 10.21, 9.572, 3.646, 0.0, 13.203, 4.03, 14.474, 1.942, 4.504, 13.513, 12.762, 0.607, 0.506, 11.228, 5.377, 10.21, 0.12, 0.0, 18.232, 6.659, 11.517, 12.252, 12.762, 0.0, 8.958, 7.293, 3.286, 0.0, 0.162, 15.315, 9.009, 7.582, 5.165, 0.0, 10.442, 0.0, 4.319, 10.939, 13.674, 9.009, 0.578, 10.562, 14.18, 0.0, 10.72, 4.786, 11.019, 7.854, 9.189, 9.009, 7.657, 0.0, 10.348, 19.144, 0.0, 7.922, 10.21, 10.516, 4.536, 0.0, 0.146, 9.009, 19.144, 9.189]"
17,7454,-1,"[4.076, 5.933, 6.922, 8.519, 8.86, 9.63, 3.206, 4.009, 8.055, 5.324, 0.0, 23.731, 0.0, 0.0, 6.514, 9.249, 4.85, 5.298, 3.772, 11.264, 14.605, 4.969, 5.823, 5.363, 2.94, 5.659, 9.229, 5.274, 3.257, 11.752, 5.986, 6.449, 4.244, 3.638, 2.051, 6.328, 4.495, 2.577, 5.634, 0.0, 4.636, 5.298, 8.117, 8.743, 5.274, 5.537, 8.984, 5.537, 6.153, 2.517, 8.726, 5.359, 1.909, 4.815, 6.389, 9.798, 5.728, 5.165, 0.0, 3.794, 5.361, 3.099, 6.81, 3.286, 3.286, 9.755, 3.257, 4.49, 3.638, 6.411, 11.923, 16.554, 2.021, 1.045, 4.179, 7.487, 6.153, 9.888, 7.223, 7.064, 9.623, 8.34, 6.718, 2.324, 4.12, 10.564, 3.09, 10.913, 5.072, 7.487, 5.659, 9.96, 0.989, 4.624, 7.835, 4.785, 6.153, 3.461, 5.82, 8.488, 4.226, 6.79, 3.638, 13.843, 3.45, 8.858, 5.659, 8.203, 4.49, 6.328, 8.939, 7.551, 2.612, 10.068, 5.744, 8.367, 5.422, 10.068, 4.244, 8.519, 4.076, 7.493, 9.229, 5.363, 9.7, 0.0, 0.0, 4.074, 7.275, 5.933, 5.468, 6.718, 5.494, 4.042, 6.411, 7.493, 3.099, 4.648, 6.64, 8.743, 8.715, 5.705, 8.939, 0.0, 7.097, 5.072, 5.659, 8.014, 5.578, 9.889, 7.861, 12.624, 4.074, 4.913, 5.542, 10.482, 14.605, 5.818, 9.684, 8.3, 9.229, 9.253, 6.64, 6.389, 4.074, 4.767, 0.0, 8.939, 2.577, 7.223, 2.646, 8.86, 2.517, 7.551, 1.291]"
18,7455,-1,"[7.359, 0.99, 3.401, 3.14, 0.534, 3.166, 2.551, 2.551, 2.815, 2.714, 4.198, 6.375, 3.023, 3.549, 4.13, 2.267, 5.302, 5.302, 7.135, 6.129, 4.13, 4.826, 5.161, 8.553, 4.712, 3.284, 2.098, 0.847, 5.587, 2.228, 8.635, 9.053, 2.401, 1.907, 1.486, 3.908, 2.271, 0.955, 2.267, 4.013, 0.787, 5.652, 1.486, 2.211, 2.332, 6.899, 3.869, 4.198, 9.894, 6.785, 8.261, 5.419, 2.057, 0.534, 3.14, 2.139, 4.87, 6.773, 3.14, 0.0, 2.878, 6.017, 7.917, 3.023, 9.499, 2.494, 7.036, 0.636, 0.954, 5.217, 3.71, 2.971, 3.887, 3.973, 4.367, 4.802, 3.275, 0.0, 0.0, 2.267, 0.0, 2.306, 2.484, 2.099, 3.871, 7.421, 3.518, 1.115, 3.799, 1.784, 0.0, 3.958, 3.14, 3.982, 0.0, 0.636, 3.392, 4.659, 3.275, 2.229, 3.228, 2.5, 2.878, 4.114, 4.711, 3.14, 3.341, 0.0, 6.455, 8.716, 3.799, 6.353, 0.445, 3.386, 3.401, 3.71, 3.871, 0.534, 2.125, 0.495, 7.742, 5.534, 3.622, 0.742, 2.375, 0.891, 3.023, 6.085, 1.604, 2.674, 2.021, 3.271, 3.958, 2.969, 2.721, 2.041, 0.685, 1.805, 13.839, 5.278, 3.887, 3.392, 4.13, 3.14, 3.653, 5.196, 4.081, 1.528, 0.431, 3.549, 0.0, 2.139, 3.064, 3.438, 3.251, 3.284, 0.0, 1.383, 1.744, 5.015, 6.09, 2.794, 2.432, 3.265, 2.915, 3.289, 3.869, 0.557, 8.608, 6.334, 3.166, 4.711, 4.682, 1.814, 2.5, 1.486, 1.935, 3.71, 1.274, 10.402, 0.703, 2.815, 3.587, 1.484, 1.486, 0.636, 0.921, 0.99, 2.633, 2.971, 2.442, 1.486, 6.802, 3.71, 2.267, 1.944, 0.764, 0.417, 2.148, 0.0, 4.925, 8.731, 1.431, 6.279, 2.878, 6.219, 5.653, 4.503, 2.815, 1.337, 0.0, 6.773, 1.486, 3.14, 1.339, 1.214, 5.004, 1.408, 0.607, 4.237, 0.892, 2.432, 0.0, 0.0, 3.276, 2.408, 2.045, 0.582, 2.567, 2.456, 0.514, 6.456, 1.714, 9.265, 1.028, 2.673, 3.799, 2.589, 5.004, 4.774, 5.395, 5.702, 5.395, 3.488, 8.036, 3.414, 3.14, 0.892, 2.387, 6.633, 3.653, 0.0, 4.343, 3.933, 0.0, 3.71, 0.0, 1.977, 2.968, 0.0, 0.0, 0.0, 1.163, 0.607, 4.613, 2.211, 1.028, 1.163, 3.064, 3.799, 2.878, 0.405, 3.983, 4.982, 3.549, 3.401, 7.423, 6.186, 4.081, 3.166, 0.763, 2.139, 2.484, 1.114, 4.51, 5.442, 7.255, 5.94, 5.587, 4.296, 0.557, 2.878, 0.0, 4.509, 5.888, 8.696, 7.262, 9.365, 5.266, 3.064, 2.032, 8.649, 12.686, 5.409, 2.551, 2.548, 7.262, 4.509, 0.0, 0.0, 1.486, 4.347, 0.0, 3.265, 2.14, 3.265, 2.432, 2.815, 2.815, 3.887, 6.786, 11.661, 3.401, 0.0, 1.214, 5.113, 0.0, 1.383, 0.431, 3.737, 0.991, 2.041, 4.613, 9.226, 3.113, 1.633, 0.819, 0.892, 3.332, 1.216, 7.774, 1.274, 2.878, 4.999, 2.968, 1.759, 3.653, 4.926, 1.96, 0.461, 0.477, 2.549, 0.892, 2.968, 2.794, 0.0, 1.572, 5.831, 3.71, 0.0, 6.56, 4.348, 4.682, 4.446, 7.036, 1.113, 2.815, 3.343, 0.0, 8.696, 2.111, 3.023, 2.52, 0.0, 2.866, 2.14, 3.496, 9.603, 11.131, 5.482, 11.131, 5.004, 2.159, 3.653, 5.581, 3.343, 5.102, 4.926, 11.827, 8.463, 3.613, 2.229, 7.822, 3.209, 4.205, 6.355, 4.014, 2.915, 6.355, 7.997, 2.388, 7.521, 5.534, 8.26, 7.223, 3.166, 2.815, 2.966, 8.897, 1.671, 0.495, 0.892, 1.336, 5.63, 2.157, 6.793, 4.348, 3.401, 3.549, 5.411, 4.509, 6.802, 6.163, 2.229, 0.954, 0.0, 2.476, 1.845, 7.822, 2.815, 6.591, 3.372, 4.012, 4.013, 6.163, 5.195, 3.58, 2.401, 5.711, 5.604, 2.326, 2.633, 6.279, 0.0, 3.265, 4.081, 3.799, 0.382, 5.895, 6.552, 6.56, 4.296, 10.204, 6.774, 6.53, 11.661, 2.332, 3.14, 3.495, 0.0, 2.794, 0.445, 1.784, 6.047, 5.419, 10.589, 4.87, 6.279, 4.318, 6.778]"
19,7456,-1,"[1.478, 4.551, 0.948, 0.698, 4.018, 5.115, 12.135, 10.739, 5.242, 0.811, 0.785, 0.546, 2.788, 10.202, 3.775, 1.336, 1.846, 7.138, 3.866, 1.278, 0.0, 0.0, 1.955, 3.495, 2.898, 2.148, 1.841, 5.577, 0.0, 1.562, 1.841, 2.864, 3.669, 0.0, 0.0, 0.0, 2.66, 0.0, 0.0, 9.1, 8.09, 1.217, 0.931, 3.334, 0.598, 3.731, 0.0, 0.851, 0.286, 0.0, 2.713, 2.241, 0.359, 5.574, 0.262, 6.933, 2.84, 2.004, 2.577, 0.0, 0.0, 8.591, 5.728, 5.523, 5.029, 0.679, 0.315, 2.356, 0.0, 2.241, 1.841, 1.141, 1.939, 0.7, 1.663, 1.778, 3.988, 0.0, 0.685, 0.405, 7.029, 1.237, 3.682, 1.886, 3.326, 0.0, 5.369, 0.0, 0.0, 1.172, 14.728, 14.319, 0.698, 0.393, 2.577, 0.661, 1.663, 4.124, 2.062, 11.455, 3.326, 0.0, 0.931, 1.809, 2.949, 5.728, 5.426, 4.124, 5.094, 4.516, 5.909, 1.841, 1.394, 2.104, 3.845, 5.809, 1.565, 9.698, 1.943, 6.13, 4.449, 5.054, 1.562, 1.909, 2.062, 0.0, 0.652, 1.649, 6.742, 0.0, 1.257, 5.054, 1.551, 2.334, 2.255, 4.124, 4.582, 2.062, 4.909, 0.0, 0.661, 0.419, 3.437, 3.178, 0.838, 1.199, 7.756, 6.444, 4.156, 0.838, 2.327, 2.137, 2.211, 0.0, 0.584, 1.778, 0.0]"
20,7457,-1,"[0.0, 3.968, 2.097, 1.42, 4.266, 0.0, 0.86, 5.599, 1.741, 0.443, 0.442, 3.546, 2.947, 7.513, 2.585, 1.259, 3.655, 1.309, 4.716, 2.703, 0.0, 4.125, 1.448, 10.914, 7.0, 0.289, 8.414, 1.091, 2.662, 2.469, 4.366, 0.973, 0.187, 0.314, 0.0, 2.706, 4.54, 0.0, 0.0, 0.347, 0.0, 8.304, 12.429, 7.813, 6.775, 4.341, 6.888, 6.08, 4.491, 0.496, 3.878, 0.0, 2.137, 3.581, 7.419, 3.555, 8.342, 2.191, 4.063, 3.548, 0.0, 3.548, 10.754, 2.66, 0.496, 0.496, 5.455, 2.951, 2.787, 3.658, 3.325, 0.0, 4.032, 3.71, 3.957, 7.161, 9.29, 6.676, 8.504, 8.929, 7.875, 0.0, 0.0, 4.189, 6.945, 0.0, 0.0, 6.899, 1.587, 5.096, 0.0, 1.741, 0.0, 1.855, 2.306, 7.254, 0.142, 0.239, 0.0, 2.637, 5.845, 3.71, 2.088, 3.276, 1.673, 1.099, 0.839, 1.984, 8.765, 9.471, 5.838, 9.689, 8.765, 0.867, 10.98, 1.925, 1.075, 0.0, 3.135, 0.0, 1.559, 5.843, 5.843, 3.555, 4.063, 2.976, 3.985, 7.31, 4.011, 3.52, 10.665, 5.012, 6.138, 11.705, 4.722, 5.669, 1.169, 0.408, 0.0, 0.0, 0.832]"
21,7458,-1,"[0.0, 0.0, 0.663, 0.414, 0.0, 0.151, 0.521, 0.0, 0.513, 0.634, 3.625, 0.293, 0.523, 0.423, 0.414, 0.0, 0.0, 0.0, 0.0, 0.0, 1.53, 4.35, 0.301, 0.0, 0.0, 0.622, 0.243, 0.0, 0.293, 0.0, 0.765, 0.829, 0.796, 0.0, 0.0, 0.0, 0.923, 0.0, 0.0, 0.332, 0.725, 0.967, 4.511, 1.105, 0.904, 0.0, 0.0, 0.383, 0.368, 0.497, 0.0, 0.216, 0.262, 0.231, 0.923, 1.008, 0.461, 0.276, 0.0, 0.439, 0.207, 0.0, 0.677, 1.214, 0.368, 0.796, 0.0, 0.0, 2.137, 0.0, 0.0, 0.883, 0.752, 0.0, 0.278, 0.0, 0.655, 0.0, 0.603, 0.0, 0.0, 0.293, 0.452, 0.0, 0.0, 0.221, 0.398, 0.0, 0.0, 0.846, 1.765, 0.883, 0.603, 0.568, 0.534, 0.84, 0.452, 0.0, 0.414, 0.812, 0.472, 0.321, 0.0, 0.865, 0.0, 0.7, 0.398, 0.0, 0.0, 0.674, 0.349, 0.0, 2.429, 2.709, 0.0, 0.0, 0.0, 0.0, 0.846, 0.812, 0.781, 0.368, 0.0, 0.725, 0.0, 0.414, 0.904, 0.725, 0.7, 0.923, 0.432, 0.874, 0.0, 0.644, 0.441, 0.605, 0.0, 1.512, 0.0, 0.0, 0.0, 0.0, 0.923, 0.0, 0.846, 1.043, 0.0, 0.865, 0.0, 0.0, 0.356, 0.383, 0.0, 0.564, 0.7, 1.45, 1.269, 0.0, 0.725, 1.386, 0.796, 2.348, 0.0, 1.128, 0.0, 0.0, 0.0, 0.663, 0.0, 0.321, 0.0, 1.779, 0.0, 0.0, 0.0, 1.692, 1.821, 1.4, 1.23, 0.725, 0.846, 0.441, 0.0, 0.0, 0.432, 0.0, 0.0, 0.461, 0.0, 0.0, 0.282, 0.0, 0.0, 1.951, 3.184, 1.269, 1.163, 2.817, 0.663, 0.0, 0.356, 0.923, 0.483, 2.63, 0.0, 0.655, 1.08, 0.752, 0.463, 0.0, 0.0, 0.0, 0.311, 0.815, 0.129, 2.342, 0.932, 0.887, 0.414, 0.655, 0.362, 0.0, 0.0, 0.0, 0.0, 0.549, 0.406, 2.786, 1.933, 0.0, 0.216, 0.0, 0.0, 0.0, 1.44, 0.0, 0.442, 0.663, 0.0, 0.0, 0.51, 0.0, 0.923, 0.0, 0.0, 2.327, 1.546, 0.0, 0.7, 0.812, 0.765, 1.315, 0.483, 0.398, 0.0, 1.827, 2.201, 0.0, 1.786, 2.115, 0.383, 0.0, 0.725, 0.0, 0.0, 0.398, 0.622, 0.0, 0.216, 0.0, 0.0, 0.0, 0.0, 0.0, 1.054, 0.0, 0.0, 0.299, 1.31, 0.495, 0.549, 2.387, 0.332, 0.7, 0.184, 0.538, 0.0, 0.0, 0.0, 0.883, 0.337, 0.237, 0.0, 0.0, 0.221, 0.398, 0.0, 0.0, 0.432, 0.865, 0.0, 0.406, 0.414, 0.0, 0.451, 0.0, 0.829, 0.0, 0.0, 1.765, 0.0, 0.0, 1.029, 0.0, 0.883, 0.0, 0.947, 0.0, 0.311, 1.043, 0.781, 0.0, 0.0, 0.0, 2.648, 0.383, 1.068, 0.0, 0.311, 0.0, 1.45, 0.343, 0.935, 0.158, 1.504, 0.0, 2.88, 3.468, 0.812, 0.677, 0.0, 0.781, 0.725, 0.0, 2.377, 0.216, 0.216, 0.553, 0.0, 0.902, 1.097, 0.634, 1.269, 0.441, 1.281, 0.349, 5.8, 0.0, 1.872, 0.0, 0.0, 0.0, 0.276, 1.512, 1.025, 2.565, 2.621, 0.0, 1.791, 1.729, 0.0, 0.0, 0.0, 0.71, 0.332, 2.348, 0.0, 0.622, 0.414, 0.634, 0.0, 0.0, 0.0, 0.432, 0.0, 1.043, 0.967, 1.015, 0.461, 1.166, 0.0, 0.0]"
22,7459,-1,"[2.922, 7.004, 1.855, 3.893, 13.934, 9.193, 9.193, 10.856, 7.754, 10.062, 8.041, 9.769, 6.037, 8.351, 8.474, 4.035, 5.295, 4.903, 11.031, 6.043, 1.63, 0.0, 4.137, 0.687, 4.637, 9.455, 2.878, 3.893, 12.034, 5.091, 7.354, 6.619, 2.006, 7.637, 3.578, 8.263, 6.619, 9.415, 5.738, 6.685, 7.703, 0.0, 0.0, 3.684, 4.728, 5.091, 4.903, 9.928, 9.455, 1.124, 10.451, 8.274, 6.203, 7.754, 7.083, 10.062, 11.511, 8.91, 6.562, 3.019, 9.686, 10.223, 4.413, 2.42, 5.456, 7.943, 19.467, 9.268, 6.518, 5.59, 7.354, 7.637, 2.451, 5.649, 5.59, 7.365, 3.443, 7.637, 6.847, 7.943, 12.034, 0.0, 9.236, 7.354, 2.702, 4.312, 8.274, 6.785, 6.562, 7.004, 5.39, 2.29, 7.369, 3.273, 1.279, 9.455, 7.354, 0.807, 6.619, 9.737, 8.728, 4.122, 5.204, 4.716, 12.577, 10.409, 6.518, 8.685, 12.577, 9.415, 4.574, 2.226, 1.855, 7.754, 6.053, 4.708, 0.0, 6.86, 3.852, 0.0, 6.619, 4.716, 2.825, 1.325, 0.807, 6.405, 10.59, 9.44, 1.686, 5.756, 0.0, 2.182, 3.026, 1.279, 8.274, 8.274, 2.182, 6.579, 11.819, 8.633, 5.39, 1.59, 4.201, 10.59, 2.451, 9.806, 6.967, 11.031, 4.122, 7.95, 14.173, 3.684, 8.274, 2.922, 7.354, 5.39, 9.928, 9.928, 8.321, 5.516, 5.091, 2.695, 3.928, 1.919, 20.902, 12.034, 6.017, 6.205, 9.046, 3.08, 1.887, 4.487, 0.0, 1.686, 1.374, 2.758, 0.0, 0.0, 4.814, 8.825, 1.374, 6.847, 7.754, 6.289, 9.427, 3.893, 1.427, 2.42, 6.205, 15.759, 0.0, 7.943, 3.358, 4.565, 6.619, 8.633, 15.885, 1.374, 3.312, 1.374, 9.806, 3.852, 2.14, 1.279, 8.274, 1.237, 0.0, 5.805, 6.017, 8.68, 6.619, 10.775, 11.767, 6.847, 12.729, 2.018, 20.684, 13.238, 2.319, 2.473, 3.484, 2.451, 4.565, 2.758, 5.516, 1.686, 0.662, 3.092, 6.304, 8.126, 8.524, 8.094, 2.14, 8.274, 5.091, 5.204, 2.061, 10.59, 5.091, 1.613, 2.061, 3.975, 5.673, 0.927, 2.854, 7.354, 9.947, 9.455, 5.844, 7.232, 11.18, 3.825, 8.624, 10.739, 9.455, 4.137, 7.511, 5.39, 6.289, 3.973, 5.39, 2.922, 6.484, 7.87, 6.053, 1.546, 4.903, 5.84, 12.034, 8.424, 11.031, 8.351, 3.092, 2.319, 6.304, 2.878, 4.137, 7.092, 6.405, 6.304, 5.169, 3.394, 3.138, 9.65, 5.673, 2.529, 5.367, 5.59, 1.613, 4.439, 10.733, 9.819, 8.07, 3.259, 3.973, 3.259, 4.869, 18.051, 2.733, 9.455]"
23,7460,-1,"[13.183, 9.122, 5.838, 7.512, 6.722, 0.0, 7.298, 15.964, 6.786, 3.738, 0.267, 0.0, 9.46, 4.644, 6.71, 5.603, 11.128, 7.484, 6.71, 14.593, 13.045, 4.792, 5.218, 5.285, 3.406, 5.676, 3.93, 5.894, 9.968, 4.789, 4.944, 7.26, 1.805, 0.0, 0.0, 7.74, 0.0, 6.385, 6.385, 6.84, 3.537, 4.087, 7.444, 9.46, 4.598, 5.473, 7.859, 6.192, 6.482, 4.422, 4.348, 6.663, 12.02, 6.514, 6.849, 3.444, 0.0, 7.859, 12.883, 0.0, 11.535, 5.523, 5.218, 5.0, 7.859, 3.026, 6.663, 0.0, 0.558, 0.583, 4.1, 9.73, 0.428, 9.58, 7.005, 10.886, 1.537, 8.514, 0.0, 5.894, 4.944, 5.108, 4.789, 4.087, 4.802, 5.727, 7.568, 1.703, 5.473, 5.242, 2.554, 7.207, 3.278, 7.046, 6.385, 2.148, 3.005, 4.29, 3.774, 0.713, 0.0, 8.239, 3.649, 2.043, 8.514, 8.383, 6.013, 4.948, 9.273, 5.473, 5.519, 8.173, 7.568, 7.152, 5.475, 3.193, 4.348, 5.894, 5.741, 11.119, 13.045, 6.966, 7.609, 8.107, 8.514, 6.966, 5.349, 4.879, 4.087, 3.096, 13.932, 0.0, 6.663, 7.756, 6.786, 5.841, 6.385, 1.997, 0.583, 0.0, 5.195, 14.303, 4.865, 7.749, 0.356, 1.648, 3.523, 6.385, 0.0, 5.663, 0.0, 3.332, 8.066, 12.384, 12.771, 6.385, 6.522, 4.652, 7.298, 7.859, 1.422, 6.389, 6.192, 6.385, 7.298, 0.0, 7.512, 7.298, 11.446, 9.986, 8.46, 6.385, 9.5, 6.522, 0.0, 1.215, 0.78, 1.627, 2.928, 10.042, 7.093, 7.308, 6.591, 4.379, 3.483, 5.108, 5.108, 6.786, 6.833, 5.19, 2.5, 2.674, 8.737, 6.522, 9.46, 6.13, 1.008, 0.306, 0.558, 5.108, 8.239, 5.473, 0.0, 8.808, 9.122, 12.283, 8.616, 4.481, 4.633, 3.096, 7.447, 3.649, 5.898, 3.681, 6.694, 5.96, 0.901, 5.434, 5.12, 6.061, 4.865, 4.442, 9.891, 4.894, 6.348, 5.591, 3.564, 6.13, 7.43, 3.771, 2.041, 4.442, 4.152, 5.676, 7.298, 3.93, 5.473, 6.465, 3.649, 5.285, 7.74, 6.013, 5.108, 6.663, 1.522, 4.865, 0.0, 4.348, 5.815, 4.948, 5.134, 5.962, 6.74, 6.486, 6.239, 5.74, 0.0, 6.71, 5.676, 4.789, 5.166, 6.465, 5.525, 5.676, 0.0, 1.664, 1.77, 0.0, 6.192, 4.944, 3.523, 9.122, 0.0, 6.385, 1.291, 6.913, 6.979, 6.446, 4.944, 14.052, 0.443, 2.761, 3.523, 6.158, 3.899, 9.233, 3.966, 7.408, 7.046, 14.303, 0.0, 1.419, 6.628, 7.74, 6.385, 0.414, 0.535, 9.514, 3.128, 1.824, 0.267, 1.997, 2.557, 5.796, 3.25, 2.567, 1.027, 0.0, 5.894, 7.866, 6.486, 5.75, 3.128, 11.397, 1.811, 5.377, 3.89, 4.865, 7.316, 3.93, 4.613, 6.205, 3.406, 5.108, 4.257, 4.087, 4.348, 4.6, 7.409, 0.428, 6.005, 0.478, 2.285, 0.458, 0.0, 7.568, 6.385, 4.949, 0.313, 7.74, 1.648, 0.0, 6.13, 1.548, 2.822, 3.784, 1.167, 5.838, 0.0, 0.0, 8.066, 8.514, 0.0, 8.173, 0.0, 3.93, 13.425, 11.352, 0.0, 5.559, 8.514, 7.239, 0.961, 2.458, 1.997, 0.755, 7.046, 1.167, 1.892, 4.752, 0.0, 5.723, 0.0, 6.373, 9.105, 4.484, 13.984, 6.373, 9.099, 8.426, 4.633, 9.891]"
24,7461,-1,"[4.613, 4.236, 0.0, 0.0, 3.145, 3.009, 1.538, 5.323, 6.59, 3.46, 5.766, 5.323, 9.885, 5.222, 6.437, 0.0, 3.642, 0.0, 5.536, 0.0, 1.609, 3.295, 2.661, 0.573, 2.386, 3.844, 2.824, 0.0, 3.295, 3.295, 4.07, 2.768, 0.0, 0.0, 5.323, 0.0, 2.471, 2.768, 2.883, 5.766, 1.098, 2.386, 0.0, 0.0, 1.488, 1.438, 3.504, 0.0, 2.386, 0.0, 4.325, 2.824, 1.442, 0.0, 0.0, 0.0, 2.471, 2.563, 1.995, 3.562, 1.153, 1.193, 0.0, 1.598, 7.984, 3.844, 3.145, 3.775, 3.642, 1.73, 4.613, 3.844, 2.661, 2.661, 2.471, 2.768, 0.0, 4.772, 0.0, 6.59, 2.232, 0.0, 7.037, 2.269, 4.393, 2.768, 6.291, 3.295, 5.279, 1.821, 0.0, 0.0, 2.883, 3.009, 0.0, 11.862, 1.504, 1.648, 2.714, 2.563, 2.563, 1.281, 3.295, 0.0, 5.323, 0.0, 0.0, 4.613, 3.549, 2.471, 0.0, 4.07, 6.407, 4.236, 5.463, 3.642, 1.573, 0.0, 2.162, 1.306, 2.232, 0.7, 0.0, 2.883, 5.536, 2.471, 2.563, 7.694, 0.0, 0.0, 5.255, 2.563, 1.821, 3.375, 1.412, 2.945, 2.611, 0.0, 0.0, 0.0, 5.126, 6.92, 7.158, 4.613, 7.284, 0.0, 2.768, 8.141, 1.472, 2.714, 2.232, 0.0, 0.0, 2.428, 4.464, 7.688, 0.0, 3.694, 0.0, 0.0, 11.161, 1.412, 3.642, 3.844, 0.0, 7.984, 0.0, 6.291, 2.471, 1.87, 1.876, 4.943, 0.0, 2.346, 0.0, 2.386, 0.0, 2.563, 2.661, 0.0, 2.471, 1.573, 6.59, 2.883, 6.59, 2.471, 0.0, 2.471, 2.768, 1.281, 1.357, 1.609, 1.331, 1.648, 1.442, 1.573, 0.0, 12.716, 1.821, 6.291, 2.661, 1.922, 1.73, 4.613, 3.145, 0.0, 0.0, 5.323, 0.0, 5.965, 4.772, 8.21, 7.037, 1.134, 3.917, 5.766, 8.238, 8.929, 4.943, 1.098, 0.0, 0.0, 5.649, 9.885, 6.59, 5.19, 7.908, 1.609, 0.0, 6.07, 5.222, 12.034, 5.766, 4.513, 3.075, 4.325, 11.533, 7.688, 7.688, 2.563, 3.282, 8.304, 2.162, 1.73, 2.386, 2.563, 5.126, 4.639, 0.0, 3.844, 0.0, 3.295, 3.46, 0.0, 3.46, 2.386, 2.883, 2.768, 0.0, 0.0, 2.232, 7.284, 3.844, 7.158, 2.639, 6.017, 2.883, 0.0, 3.009, 1.214, 2.307, 2.883, 3.295, 4.325, 0.0, 0.0, 1.73, 10.251, 0.0, 6.437, 7.688, 6.291, 3.375, 10.251, 0.0, 0.0, 1.281, 6.696, 2.945, 2.563, 1.472, 5.536, 5.323, 6.59, 0.0, 2.661, 3.549, 0.0, 0.0, 3.009, 2.661, 3.146, 3.642, 3.009, 1.821, 2.661, 2.883, 2.035, 2.563, 2.269, 0.0, 2.768, 2.768, 1.573, 3.009, 9.885, 0.0, 2.516, 1.609, 0.0, 0.0, 0.0, 2.307, 8.649, 8.304, 2.386, 2.768, 6.487, 4.943, 0.0, 5.766, 2.611, 2.883, 2.661, 3.375, 0.0, 8.304, 1.236, 2.307, 0.0, 1.504, 0.0, 4.978, 2.768, 0.0, 0.0, 2.768, 0.0, 2.883, 4.943, 1.977, 4.772, 6.92, 4.305, 5.126, 4.772, 5.323, 7.158, 8.649, 4.305, 1.573, 3.707, 2.824, 3.518, 2.883, 0.0, 3.075, 3.218, 5.766, 0.0, 0.0, 3.145, 0.694, 0.989, 0.0, 5.864, 0.0, 4.464, 0.0, 2.563, 1.977, 5.536, 1.538, 0.0, 3.145, 0.0, 3.549, 3.694, 2.162, 2.471, 0.0, 5.536, 0.0, 6.49, 0.0, 0.0, 0.0, 2.883, 6.92, 0.0, 3.145, 2.768, 0.0, 0.0, 0.0, 0.0, 5.536, 6.487, 4.943, 0.0, 1.306, 3.642, 0.0, 1.573, 1.688, 0.0, 1.412, 4.613, 0.0, 0.0, 7.284, 0.0, 2.307, 2.162, 1.896, 6.92, 6.407, 5.536, 1.415, 5.766, 5.889, 3.375, 3.145, 4.236, 5.033, 3.844, 2.611, 0.0, 3.009, 7.284, 3.295, 14.416, 6.881, 7.688, 3.562, 4.772, 2.162, 5.592, 2.714, 3.075, 5.249]"
25,7462,-1,"[5.151, 2.138, 0.0, 1.44, 2.399, 5.183, 3.085, 6.479, 0.0, 3.41, 5.153, 2.945, 2.16, 4.049, 3.502, 3.239, 9.598, 1.18, 4.628, 8.36, 21.595, 8.998, 3.926, 4.18, 0.0, 2.314, 6.702, 5.716, 4.799, 1.625, 0.0, 8.45, 3.967, 2.043, 0.0, 4.319, 1.8, 2.492, 1.322, 3.17, 7.198, 2.699, 4.319, 4.135, 1.963, 2.314, 7.622, 4.468, 2.735, 0.0, 2.826, 0.0, 2.422, 7.442, 0.0, 0.0, 1.963, 9.04, 3.013, 2.817, 6.479, 4.52, 4.18, 8.835, 1.963, 2.786, 0.0, 9.967, 9.255, 9.598, 8.098, 11.17, 7.475, 2.057, 6.074, 4.319, 4.986, 0.952, 8.098, 1.44, 4.497, 2.924, 5.399, 5.634, 6.321, 3.537, 2.112, 15.244, 16.197, 3.887, 2.356, 6.27, 3.085, 0.476, 5.399, 3.16, 0.0, 3.16, 0.0, 4.74, 0.0, 7.042, 8.785, 5.716, 0.0, 6.941, 0.0, 5.716, 3.738, 3.41, 6.479, 1.964, 1.403, 5.183, 14.951, 7.341, 4.52, 5.399, 0.775, 5.399, 4.049, 8.936, 1.963, 4.771, 4.628, 4.984, 4.417, 10.123, 0.0, 6.17, 5.399, 1.905, 4.468, 5.89, 1.768, 6.479, 0.0, 1.098, 2.196, 5.183, 1.905, 5.081, 3.322, 4.049, 2.09, 4.437, 4.799, 15.344, 9.967, 5.183, 4.859, 6.941, 14.084, 10.229, 6.244, 0.0, 0.0, 10.123, 8.638, 0.0, 9.255, 4.042, 8.638, 0.0, 2.245, 8.18, 5.112, 5.804, 10.068, 18.14, 3.283, 6.479, 7.198, 8.098, 1.543, 2.591, 2.049, 7.198, 7.475, 4.984]"
26,7463,-1,"[0.82, 6.499, 3.164, 12.02, 8.702, 6.584, 7.796, 6.499, 5.594, 1.704, 12.293, 8.38, 0.923, 11.425, 11.025, 10.896, 0.0, 0.0, 0.0, 2.891, 0.0, 14.269, 10.201, 5.511, 12.206, 5.81, 2.551, 4.7, 8.878, 1.909, 0.0, 10.792, 0.0, 3.597, 3.329, 6.584, 5.941, 3.544, 6.032, 0.0, 7.264, 3.805, 8.609, 8.505, 7.61, 4.007, 2.606, 2.755, 7.103, 6.948, 7.399, 8.878, 10.896, 0.0, 2.215, 3.164, 5.969, 9.128, 4.721, 6.363, 8.472, 6.754, 6.659, 8.344, 7.282, 7.911, 5.832, 7.991, 10.143, 4.777, 7.542, 8.266, 7.078, 9.05, 9.22, 9.584, 12.849, 2.291, 15.2, 6.147, 0.0, 3.692, 4.102, 7.944, 6.185, 6.378, 6.659, 5.919, 9.699, 10.423, 4.438, 11.361, 10.357, 2.143, 6.739, 6.043, 10.357, 5.327, 19.533, 21.467, 22.102, 7.702, 7.991, 2.331, 5.4, 8.115, 7.991, 3.519, 7.61, 6.937, 10.896, 7.935, 6.243, 4.523, 3.474, 8.561, 6.003, 8.411, 5.155, 4.922, 1.772, 3.408, 3.805, 7.991, 9.589, 0.0, 9.589, 6.948, 7.61, 0.0, 4.098, 5.708, 4.777, 4.015, 4.14, 16.805, 12.757, 8.878, 8.874, 3.292, 7.626, 9.074, 6.003, 4.968, 9.331, 2.373, 5.708, 7.579]"
27,7464,-1,"[5.508, 5.16, 6.466, 6.074, 3.911, 2.887, 4.754, 2.994, 6.884, 0.0, 0.0, 0.0, 4.041, 4.157, 6.507, 8.083, 5.987, 5.052, 7.028, 6.884, 5.052, 0.0, 0.0, 7.217, 0.0, 0.0, 0.0, 2.494, 2.151, 0.0, 3.492, 0.0, 3.742, 5.737, 6.217, 6.735, 4.181, 5.189, 5.987, 8.083, 6.884, 4.803, 0.0, 0.0, 3.054, 0.0, 0.0, 0.0, 2.868, 4.59, 3.825, 0.0, 4.663, 6.735, 2.201, 1.666, 2.648, 0.0, 3.631, 1.601, 2.868, 5.298, 0.0, 2.414, 0.0, 1.497, 0.0, 6.454, 1.434, 2.138, 3.254, 0.0, 3.939, 9.755, 6.735, 0.0, 2.414, 0.0, 4.49, 8.605, 3.767, 2.993, 3.564, 0.0, 0.0, 0.0, 0.0, 0.0, 2.108, 0.0, 2.993, 2.772, 3.439, 2.055, 0.777, 1.684, 1.72, 0.0, 3.278, 2.268, 0.0, 0.0, 0.0, 0.0, 0.0, 0.0, 0.0, 6.217, 0.0, 3.688, 3.442, 5.163, 2.673, 0.0, 1.967, 0.0, 2.581, 0.0, 0.0, 0.0, 2.772, 3.825, 1.884, 0.0, 3.674, 0.0, 0.0, 5.388, 5.296, 8.261, 7.577, 6.074, 7.348, 0.0, 7.649, 1.412, 0.0, 0.0, 5.114, 4.172, 5.987, 3.254, 2.414, 2.993, 6.603, 4.303, 7.028, 2.449, 2.994, 5.215, 6.217, 4.989, 8.419, 2.993]"
28,7465,-1,"[0.905, 3.149, 8.452, 3.965, 0.4, 6.691, 1.387, 0.932, 10.196, 4.424, 0.473, 0.631, 1.541, 1.178, 5.576, 0.359, 0.743, 5.098, 0.0, 7.647, 1.809, 0.867, 0.0, 0.743, 14.598, 7.02, 4.117, 3.823, 4.13, 3.097, 3.552, 3.823, 6.297, 5.463, 7.277, 8.564, 0.785, 3.453, 6.117, 1.338, 1.306, 2.141, 1.189, 2.478, 2.753, 5.114, 8.39, 1.541, 6.416, 10.263, 4.461, 4.461, 2.323, 3.568, 5.769, 6.195, 2.253, 11.436, 4.117, 4.736, 2.186, 2.611, 4.646, 5.353, 4.461, 0.0, 0.718, 1.04, 0.631, 3.996, 1.224, 3.453, 8.791, 0.385, 2.817, 0.0, 5.018, 4.117, 5.735, 0.0, 5.634, 4.646, 8.564, 12.352, 0.0, 3.965, 6.478, 0.0, 4.461, 0.0, 1.224, 0.0, 0.385, 16.653, 18.618, 7.825, 2.753, 6.053, 5.286, 4.866, 10.541, 0.8, 0.0, 1.338, 4.461, 0.0, 1.04, 0.0, 8.921, 6.297, 0.0, 0.0, 9.176, 5.634, 6.691, 0.484, 5.537, 4.117, 2.817, 1.912, 3.965, 4.262, 2.974, 2.78, 3.232, 3.597, 5.335, 2.059, 0.905, 1.846, 2.433, 1.092, 6.176, 2.973, 6.255, 2.549, 3.232, 3.552, 0.0, 3.149, 3.702, 2.817, 6.408, 2.327, 2.549, 2.745, 6.573, 1.28, 0.484, 0.0, 5.537, 4.373, 0.0, 1.541, 1.541, 0.743, 0.495, 1.912, 1.673, 0.0, 3.659, 3.54, 9.161, 1.982, 14.869, 16.47, 1.734, 0.968, 0.631, 0.0, 0.0, 1.601, 7.137, 1.784, 2.676, 7.647, 0.495, 4.461, 4.461, 6.691, 0.0, 1.274, 1.274, 4.117, 1.784, 2.478, 1.982, 5.335, 3.823, 10.67, 4.866, 2.563, 8.245, 5.946, 2.23, 4.409, 4.736, 10.655, 0.946, 2.655, 0.8, 3.766, 5.31, 2.973, 2.817, 3.232, 4.655, 4.117, 1.912, 2.974, 4.117, 2.676, 4.848, 7.137, 0.836, 1.095, 4.698, 3.044, 0.905, 3.717, 1.245, 5.559, 2.859, 8.235, 0.0, 7.299, 5.127, 4.137, 3.964, 2.676, 3.568, 6.488, 4.973, 3.149, 3.692, 4.918, 2.23, 5.114, 0.534, 4.866, 2.448, 0.0, 2.973, 2.563, 2.643, 3.806, 8.259, 2.859, 4.373, 0.0, 3.279, 0.718, 0.832, 0.743, 1.982, 0.0, 3.823, 0.0, 0.867, 6.423, 9.732, 0.8, 15.293, 5.947, 0.508, 9.446, 0.353, 4.655, 0.0, 3.491, 5.039, 5.947, 14.867, 9.536, 0.743, 4.125, 0.671, 0.0, 0.0, 5.098, 6.255, 0.65, 0.0, 0.0, 0.849, 0.425, 0.219, 0.0, 0.885, 5.467, 1.813, 2.676, 5.818, 6.691, 4.212, 4.779, 5.107, 2.745, 4.646, 3.552, 0.718, 2.859, 2.563, 5.296, 3.54, 1.652, 0.0, 1.601, 0.694, 5.634, 0.595, 4.13, 2.072, 1.784, 4.195, 2.859, 4.646, 8.273, 2.643, 0.495, 8.364, 0.0, 5.559, 6.584, 4.505, 2.065, 3.806, 10.645, 2.323, 3.996, 0.946, 8.921, 1.023, 0.991, 6.423, 1.3, 0.718, 8.921, 9.732, 0.473, 6.089, 5.114, 2.379, 3.692, 0.0, 13.382, 0.0, 7.247, 7.929, 4.956, 7.758, 2.433, 3.345, 7.22, 2.059, 1.261, 0.0, 0.905, 0.0, 8.259, 6.758, 10.036, 5.18, 2.676, 4.282, 2.973, 3.912, 3.717, 4.125, 7.578, 2.563, 7.991, 3.568, 14.274, 8.921, 6.242, 0.0, 1.892, 0.0, 6.525, 2.676, 7.08, 4.646, 3.628, 4.409, 2.323, 16.058, 12.595, 9.309, 0.0, 4.918, 2.323, 5.353, 1.846, 3.996, 1.616, 0.671, 4.651, 4.956, 4.736, 7.433, 4.918, 7.299, 7.647, 8.235, 4.588, 0.385, 0.8, 0.443, 0.0, 0.73, 3.03, 3.379, 5.219, 3.405, 6.046, 3.097, 7.647, 2.322, 0.534, 3.568, 0.393, 5.559, 2.973, 17.436, 9.284, 0.991, 4.566, 8.452, 0.578, 1.3, 1.784, 5.947, 6.046, 2.065, 5.31, 1.908, 6.271, 3.379, 4.646, 4.918, 3.806, 6.089, 4.646, 4.757, 3.888, 5.114, 3.761, 4.409, 11.544, 3.912, 0.408, 0.991, 1.622, 2.549, 0.0, 4.646, 6.758, 3.281, 2.433, 5.597, 4.13, 2.974, 1.784, 4.757, 7.929, 2.186, 5.506, 5.617, 11.895, 0.484, 2.714, 2.601, 0.832, 7.137, 1.727, 1.622, 1.784, 2.141, 0.0, 3.244, 9.446, 0.0, 0.562, 0.757, 6.691, 2.753, 5.844, 3.806, 0.359, 0.4, 11.47]"
29,7466,-1,"[0.0, 0.312, 0.573, 0.0, 0.0, 1.718, 1.562, 1.718, 0.0, 0.229, 0.0, 0.0, 0.573, 0.0, 0.0, 0.477, 0.121, 0.055, 0.132, 0.0, 0.523, 0.098, 0.0, 0.0, 0.0, 0.0, 0.312, 0.554, 0.0, 0.0, 0.0, 0.0, 0.264, 0.149, 0.0, 0.0, 0.0, 0.222, 0.127, 0.0, 0.156, 0.0, 0.0, 0.0, 0.076, 0.104, 0.0, 0.0, 0.0, 0.322, 0.327, 0.327, 0.245, 0.312, 0.382, 0.191, 0.264, 0.0, 0.0, 0.0, 0.095, 0.115, 0.06, 0.0, 0.137, 0.344, 0.0, 0.187, 0.233, 0.515, 0.491, 0.397, 0.573, 0.0, 0.0, 0.299, 0.286, 0.123, 0.0, 0.0, 0.156, 0.0, 0.0, 0.123, 0.0, 0.793, 0.776, 0.0, 0.137, 0.397, 0.0, 0.0, 0.16, 0.095, 0.137, 0.123, 0.382, 0.0, 0.0, 0.491, 0.229, 0.397, 0.0, 0.397, 0.0, 0.0, 0.299, 0.0, 0.0, 0.305, 0.123, 0.0, 0.0, 0.08, 0.16, 0.084, 0.109, 0.264, 0.0, 0.0, 0.118, 0.0, 0.123, 0.264, 0.0, 0.0, 0.0, 0.0, 0.368, 0.299, 0.299, 0.655, 0.687, 0.0, 0.382, 0.312, 0.43, 0.0, 0.764, 0.0, 0.143, 0.43, 0.107, 0.0, 0.164, 0.115, 0.0, 0.0, 0.101, 0.0, 0.0, 0.0, 0.0, 0.0, 0.543, 0.137, 0.0, 0.458, 0.0, 0.0, 0.075, 0.598, 0.573, 0.0, 0.0, 0.543, 0.515, 0.0, 0.344, 0.0, 0.0, 0.132, 0.0, 0.0, 0.0, 0.202, 0.0, 0.0, 0.0, 0.191, 0.275, 0.0, 0.764]"
30,7467,-1,"[0.0, 0.0, 4.586, 3.788, 0.0, 0.0, 0.0, 4.356, 0.0, 0.0, 0.0, 0.0, 0.0, 0.0, 0.0, 0.0, 0.0, 0.0, 0.0, 7.688, 0.725, 0.233, 0.0, 2.904, 6.009, 0.932, 1.305, 0.0, 0.0, 0.0, 0.0, 2.723, 0.0, 0.0, 0.363, 2.723, 0.0, 0.0, 0.265, 0.0, 0.0, 6.009, 4.356, 1.613, 7.921, 10.403, 4.84, 3.285, 5.362, 3.168, 0.338, 0.0, 3.227, 4.149, 4.586, 4.149, 0.0, 0.0, 0.0, 3.63, 2.293, 0.0, 0.0, 3.756, 0.0, 0.0, 3.788, 0.0, 5.77, 0.0, 1.305, 1.708, 5.445, 0.0, 4.25, 0.0, 6.223, 0.0, 0.0, 0.0, 6.97, 0.0, 0.0, 3.004, 0.0, 0.0, 2.178, 0.0, 0.0, 0.222, 0.0, 1.442, 3.004, 0.0, 0.0, 0.0, 1.938, 0.0, 3.112, 0.699, 0.0, 0.0, 5.413, 0.0, 1.584, 2.263, 0.0, 1.936, 0.0, 1.743, 1.529, 2.953, 0.0, 1.644, 3.112, 0.0, 0.0, 2.323, 1.894, 0.0, 2.489, 2.723, 0.0, 0.0, 0.0, 0.0, 0.0, 0.0, 0.0, 0.0, 0.0, 1.671, 3.417, 0.0, 1.452, 3.227, 3.126, 0.0, 0.0, 6.223, 0.363, 0.0, 0.0, 4.356, 1.146, 0.0, 0.0, 0.0, 3.522, 1.936, 0.392, 0.683, 0.408, 1.854, 0.445, 0.0, 0.0, 0.0, 3.59, 0.0, 0.0, 0.0, 1.815, 1.365, 3.351, 6.454, 3.351, 0.0, 0.0, 0.0, 0.0, 0.0, 0.417, 0.0, 0.0, 0.213, 0.28, 0.2, 0.35, 0.0, 0.466, 0.0, 0.0, 2.178, 2.074, 3.756, 2.525, 0.0, 0.0, 0.0, 3.485, 0.0, 0.316, 0.0, 0.0, 0.251, 0.0, 3.485, 0.35, 0.0, 0.0, 1.854, 0.251, 0.0, 0.0, 0.0, 2.178, 0.163, 0.0, 0.0, 0.35, 0.0, 3.485, 3.168, 0.222, 0.0, 0.0, 0.0, 0.0, 0.0, 0.0, 1.854, 2.811, 1.676, 0.0, 3.417, 4.507, 0.0, 6.009, 0.196, 2.045, 4.586, 6.97, 3.351, 0.0, 0.0, 0.0, 5.808, 1.864, 0.0, 2.254, 0.245, 1.854, 0.0, 0.0, 0.0, 2.026, 2.42, 0.0, 0.0, 0.0, 0.0, 3.227, 3.788, 0.0, 3.96, 0.0, 0.0, 0.369, 2.234, 3.351, 2.293, 0.0, 0.0, 0.0, 0.35, 0.0, 0.408, 0.0, 0.0, 0.0, 0.0, 0.0, 2.489, 0.0, 6.97, 4.586, 0.0, 0.0, 0.178, 3.63, 0.0, 9.171, 6.702, 3.112, 0.35, 0.0, 1.778, 1.423, 0.0, 7.079, 8.168, 3.788, 0.544, 6.515, 3.59, 0.0, 0.306, 0.0, 3.227, 0.0, 3.59, 0.0, 0.0, 4.586, 0.0, 0.0, 3.59, 3.788, 0.0, 0.0, 1.676, 4.842, 0.0, 3.004, 0.0, 2.811, 0.0, 2.723, 0.0, 2.64, 0.0, 0.0, 0.0, 4.356, 3.004, 3.351, 5.445, 6.223, 3.556]"
31,7468,-1,"[2.588, 6.92, 2.268, 2.493, 3.528, 8.813, 4.397, 3.494, 2.711, 3.257, 2.71, 12.733, 12.579, 12.145, 12.145, 4.048, 2.755, 3.197, 3.709, 2.466, 3.681, 1.489, 6.952, 1.265, 5.503, 3.036, 4.27, 2.947, 2.904, 2.78, 3.669, 2.391, 0.922, 9.105, 4.594, 0.0, 3.891, 2.283, 3.827, 2.814, 2.607, 7.238, 7.506, 9.182, 6.204, 2.389, 3.681, 3.145, 2.911, 1.807, 10.359, 8.401, 3.739, 2.991, 2.854, 4.184, 3.295, 2.236, 2.699, 1.315, 0.0, 2.286, 3.895, 0.0, 3.46, 3.158, 2.901, 4.025, 7.745, 5.36, 3.592, 2.061, 3.619, 2.039, 2.779, 2.22, 2.061, 3.537, 3.162, 3.132, 3.426, 3.313, 2.59, 2.263, 6.995, 3.68, 3.443, 4.517, 4.0, 1.484, 2.493, 1.157, 3.782, 2.951, 2.774, 9.164, 4.947, 5.3, 5.665, 5.853, 5.433, 1.317, 5.503, 1.365, 6.092, 6.189, 3.041, 5.675, 4.26, 0.0, 7.057, 8.205, 3.775, 2.876, 3.257, 0.0, 4.174, 2.268, 5.013, 3.327, 7.121, 1.427, 7.797, 2.99, 2.99, 2.613, 1.88, 1.992, 2.055, 9.781, 2.96, 4.947, 3.451, 3.096, 0.0, 0.0, 3.696, 3.186, 5.925, 5.26, 2.711, 2.904, 3.026, 2.986, 0.898, 1.159, 3.028, 3.948, 0.0, 2.048, 6.626, 2.517, 2.748, 3.224, 3.71, 3.91, 5.254, 1.909, 2.192, 3.817, 3.363, 3.522, 1.943, 0.0, 3.805, 2.964, 2.964, 3.101, 7.512, 8.338, 2.955, 2.061, 4.476, 0.0, 11.761]"
32,7469,-1,"[0.49, 0.0, 0.0, 0.0, 3.519, 8.389, 12.168, 2.923, 9.528, 12.25, 14.255, 12.558, 17.491, 10.743, 3.476, 2.573, 21.486, 11.231, 34.915, 2.474, 11.231, 27.932, 1.201, 6.651, 8.464, 12.793, 15.013, 16.63, 23.33, 12.793, 23.613, 18.891, 0.0, 0.433, 0.0, 0.0, 7.54, 5.145, 12.863, 3.031, 5.382, 10.046, 0.0, 0.0, 0.0, 0.69, 0.0, 0.0, 0.0, 1.164, 0.776, 0.0, 0.0, 4.808, 0.0, 2.382, 6.544, 5.819, 19.565, 0.0, 0.0, 4.594, 10.719, 7.414, 5.173, 3.276, 5.593, 3.588, 5.36, 0.0, 0.0, 0.0, 0.0, 14.069, 17.515, 8.871, 9.188, 0.0, 0.0, 2.297, 5.25, 8.039, 0.0, 0.0, 0.0, 0.0, 11.694, 3.783, 1.496, 0.0, 9.745, 8.691, 15.313, 10.719, 9.895, 9.647, 11.91, 0.0, 9.895, 19.828, 15.069, 2.01, 7.421, 0.564, 6.648, 0.0, 0.0, 0.0, 13.516, 4.816, 10.345, 5.173, 14.758, 9.348, 4.318, 5.873, 12.056, 18.266, 0.642, 2.68, 9.418, 8.039, 11.91, 4.487, 0.414, 0.0, 0.0, 7.421, 0.0, 5.708, 12.667, 5.862, 9.348, 15.575, 4.908, 15.087, 0.0, 6.983, 0.0, 7.08, 5.345, 9.042, 0.0, 9.188, 21.528, 3.783]"
